{
    "_vcs_DPI_package": [
        "_vcs_DPI_package",
        "uM9F1",
        "module",
        1
    ],
    "vcs_paramclassrepository": [
        "vcs_paramclassrepository",
        "hEeZs",
        "module",
        2
    ],
    "_vcs_unit__479257267": [
        "_vcs_unit__479257267",
        "Exe87",
        "module",
        3
    ],
    "std": [
        "std",
        "reYIK",
        "module",
        4
    ],
    "uvm_pkg": [
        "uvm_pkg",
        "zr7M1",
        "module",
        5
    ],
    "i2c_slave_dut": [
        "i2c_slave_dut",
        "EbPG5",
        "module",
        6
    ],
    "i2c_if": [
        "i2c_if",
        "kPMs5",
        "module",
        7
    ],
    "top": [
        "top",
        "Emx8S",
        "module",
        8
    ],
    "...MASTER...": [
        "SIM",
        "amcQw",
        "module",
        9
    ]
}